<core:FragmentDefinition xmlns="sap.m"
	xmlns:core="sap.ui.core" xmlns:f="sap.ui.layout.form">
  <Dialog title="Selection" contentWidth="100%" showHeader="false">
  <subHeader >
			<Toolbar height="3.5rem" class="FragheaderCss FragheaderTxtCss">
				<ToolbarSpacer></ToolbarSpacer>
				<Text text="{i18n>ADD}" class="sapUiTinyMarginBegin sapUiSizeCompact"></Text>
				<ToolbarSpacer></ToolbarSpacer>
				<!-- <core:Icon src="sap-icon://decline" class="sapUiSmallMarginEnd sapUiSizeCompact" press="OnPressClose"></core:Icon> -->
			</Toolbar>
		</subHeader>
		<content>
			<Toolbar height="3rem" class="NoToolbarBorderCss sapUiSizeCompact">
				<VBox width="100%">
					<Text text="{i18n>Agency Code :}" class="sapUiLargeMarginBegin LightTxtCss sapUiSizeCompact"></Text>
					<Input width="81%" class="sapUiLargeMarginBegin sapUiSizeCompact CurvedinputCss" id="id_Agencycode" maxLength="15"></Input>
				</VBox>
				<VBox width="100%">
					<Text text="{i18n>Agreement No :}" class="sapUiLargeMarginBegin sapUiSizeCompact LightTxtCss"></Text>
					<Input width="80%" maxLength="20" class="sapUiLargeMarginBegin sapUiSizeCompact CurvedinputCss" id="id_Agreement"></Input>
				</VBox>
				<VBox width="100%">
					<Text text="{i18n>Category :}" class="sapUiLargeMarginBegin sapUiSizeCompact LightTxtCss"></Text>
					<Input width="80%" class="sapUiLargeMarginBegin CurvedinputCss sapUiSizeCompact" id="id_Category" maxLength="15"></Input>
				</VBox>
			</Toolbar>
			<Toolbar height="4rem" class="NoToolbarBorderCss sapUiSizeCompact">
				<VBox width="100%">
					<Text text="{i18n>Role :}" class="sapUiLargeMarginBegin sapUiSizeCompact LightTxtCss"></Text>
					<Input width="81%" class="sapUiLargeMarginBegin CurvedinputCss sapUiSizeCompact" id="id_Role" maxLength="15"></Input>
				</VBox>
				<VBox width="100%">
					<Text text="{i18n>Employee ID - Mahindra :}" class="sapUiLargeMarginBegin sapUiSizeCompact LightTxtCss"></Text>
					<Input width="80%" class="sapUiLargeMarginBegin sapUiSizeCompact CurvedinputCss" id="id_EmployeeID" maxLength="15"></Input>
				</VBox>
				<VBox width="100%">
					<Text text="{i18n>Employee ID - Agency :}" class="sapUiLargeMarginBegin sapUiSizeCompact LightTxtCss"></Text>
					<Input width="80%" class="sapUiLargeMarginBegin sapUiSizeCompact CurvedinputCss" id="id_EmployeeAgency" maxLength="15"></Input>
				</VBox>
			</Toolbar>
			<Toolbar height="4rem" class="NoToolbarBorderCss">
						<VBox width="100%">
							<Text text="{i18n>Employee Name :}" class="sapUiSizeCompact sapUiLargeMarginBegin LightTxtCss"></Text>
							<Input width="80%" maxLength="20" class="sapUiSizeCompact sapUiLargeMarginBegin CurvedinputCss" id="id_EmployeeName"></Input>
						</VBox>					
				<VBox width="100%">
					<Text text="{i18n>Plant :}" class="sapUiSizeCompact sapUiLargeMarginBegin LightTxtCss"></Text>
					<Input width="80%" maxLength="4" class="sapUiSizeCompact sapUiLargeMarginBegin CurvedinputCss" id="id_Plant"></Input>
				</VBox>
				<VBox width="100%">
					<Text text="{i18n>Basic Amount :}" class="sapUiSizeCompact sapUiLargeMarginBegin LightTxtCss"></Text>
					<Input width="80%" maxLength="20" class="sapUiSizeCompact sapUiLargeMarginBegin CurvedinputCss" id="id_BasicAmount"></Input>
				</VBox>
			</Toolbar>
			<Toolbar height="3rem" class="NoToolbarBorderCss sapUiSizeCompact">
						<VBox width="100%">
							<Text text="{i18n>Agency Charges :}" class="sapUiSizeCompact sapUiLargeMarginBegin LightTxtCss"></Text>
							<Input width="80%" maxLength="20" class="sapUiSizeCompact sapUiLargeMarginBegin CurvedinputCss" id="id_AgencyCharges"></Input>
						</VBox>					
				<VBox width="100%">
					<Text text="{i18n>Total Amount :}" class="sapUiSizeCompact sapUiLargeMarginBegin LightTxtCss"></Text>
					<Input width="80%" maxLength="20" class="sapUiSizeCompact sapUiLargeMarginBegin CurvedinputCss" id="id_TotalAmount"></Input>
				</VBox>
				<VBox width="100%">
					<Text text="{i18n>Cost Center :}" class="sapUiSizeCompact sapUiLargeMarginBegin LightTxtCss"></Text>
					<Input width="80%" maxLength="10" class="sapUiSizeCompact sapUiLargeMarginBegin CurvedinputCss" id="id_CostCenter"></Input>
				</VBox>
			</Toolbar>
			<Toolbar height="4.5rem" class="NoToolbarBorderCss">
						<VBox width="100%">
							<Text text="{i18n>GST No :}" class="sapUiSizeCompact sapUiLargeMarginBegin LightTxtCss"></Text>
							<Input width="80%" maxLength="20" class="sapUiSizeCompact sapUiLargeMarginBegin CurvedinputCss" id="id_GST"></Input>
						</VBox>					
				<VBox width="100%">
					<Text text="{i18n>HSN Code :}" class="sapUiSizeCompact sapUiLargeMarginBegin LightTxtCss"></Text>
					<Input width="80%" maxLength="20" class="sapUiSizeCompact sapUiLargeMarginBegin CurvedinputCss" id="id_HSN"></Input>
				</VBox>
				<VBox width="100%">
					<Text text="{i18n>HR Approver name :}" class="sapUiSizeCompact sapUiLargeMarginBegin LightTxtCss"></Text>
					<Input width="80%" maxLength="20" class="sapUiSizeCompact sapUiLargeMarginBegin CurvedinputCss" id="id_HRApprovername"></Input>
				</VBox>
			</Toolbar>
			<Toolbar height="4rem" class="NoToolbarBorderCss">
				<VBox width="50%">
				 <Text text="{i18n>Start Date :}" class="sapUiSizeCompact sapUiLargeMarginBegin LightTxtCss"></Text>
					<DatePicker id="id_StartDate" width="80%" valueFormat="dd-MM-yyyy" class="sapUiSizeCompact sapUiLargeMarginBegin" 
					change="handleChange" showFooter="true"/>
				</VBox>					
				<VBox width="100%">
					<Text text="{i18n>End Date :}" class="sapUiSizeCompact sapUiLargeMarginBegin LightTxtCss"></Text>
				<DatePicker id="id_EndDate" valueFormat="dd-MM-yyyy" width="39.5%" class="sapUiSizeCompact sapUiLargeMarginBegin" 
					change="handleChange" showFooter="true"/>
				</VBox>	
			</Toolbar>
		</content>
<!-- 		<Toolbar height="2rem" class="NoToolbarBorderCss">
			<ToolbarSpacer/>
			<Button type="Emphasized" text="{i18n>OK}" press="fnAddItem" width="6rem" class=""/>
			<ToolbarSpacer/>
		</Toolbar> -->
    <beginButton>
      <Button type="Reject" text="{i18n>Cancel}" icon="sap-icon://decline" press="OnPressClose" tooltip="{i18n>Cancel}" class="sapUiSizeCompact"/>
    </beginButton>
    <endButton>
    <Button type="Accept" icon="sap-icon://accept" text="{i18n>Ok}" press="fnAddItem" tooltip="{i18n>Ok}" class="sapUiSizeCompact"/>
    </endButton>		
  </Dialog>	
</core:FragmentDefinition>