<core:FragmentDefinition xmlns="sap.m"
	xmlns:core="sap.ui.core" xmlns:f="sap.ui.layout.form">
  <Dialog title="Selection" contentWidth="10%" showHeader="false">
   <subHeader>
			<Toolbar height="2.5rem" class="FragheaderCss FragheaderTxtCss">
				<ToolbarSpacer></ToolbarSpacer>
				<Text text="Delete" class="sapUiTinyMarginBegin"></Text>
				<ToolbarSpacer></ToolbarSpacer>
			</Toolbar>
  </subHeader>
  <content>
  <Text text="Are you sure you want you delete??"></Text>
  </content>
    <beginButton>
      <Button type="Reject" text="{i18n>Cancel}" icon="sap-icon://decline" press="OnCancel" tooltip="{i18n>Cancel}" class="sapUiSizeCompact"/>
    </beginButton>
    <endButton>
    <Button type="Accept" icon="sap-icon://accept" text="{i18n>Ok}" press="fndeleteItem" tooltip="{i18n>Ok}" class="sapUiSizeCompact"/>
    </endButton>		
  </Dialog>	
</core:FragmentDefinition>