<core:FragmentDefinition xmlns="sap.m"
	xmlns:core="sap.ui.core" xmlns:f="sap.ui.layout.form">
  <Dialog title="Selection" contentWidth="70%" showHeader="false">
  <subHeader>
			<Toolbar height="2.5rem" class="FragheaderCss FragheaderTxtCss">
				<ToolbarSpacer></ToolbarSpacer>
				<Text text="More" class="sapUiTinyMarginBegin"></Text>
				<ToolbarSpacer></ToolbarSpacer>
				<!-- <core:Icon src="sap-icon://decline" class="sapUiSmallMarginEnd" press="OnCloseEdit"></core:Icon> -->
			</Toolbar>
  </subHeader>
  
 		<content>
			<Toolbar height="3rem" class="NoToolbarBorderCss sapUiSizeCompact">
				<VBox width="100%">
					<Text text="{i18n>Agency Code :}" class="sapUiLargeMarginBegin LightTxtCss sapUiSizeCompact"></Text>
					<Input width="81%" editable="false" enabled="false" value="{FormJson>/Agency}" class="sapUiLargeMarginBegin sapUiSizeCompact CurvedinputCss"  maxLength="15"></Input>
				</VBox>
				<VBox width="100%">
					<Text text="{i18n>Agreement No :}" class="sapUiLargeMarginBegin sapUiSizeCompact LightTxtCss"></Text>
					<Input width="80%" editable="false" enabled="false" value="{FormJson>/Agreement}" maxLength="20" class="sapUiLargeMarginBegin sapUiSizeCompact CurvedinputCss" ></Input>
				</VBox>
				<VBox width="100%">
					<Text text="{i18n>Category :}" class="sapUiLargeMarginBegin sapUiSizeCompact LightTxtCss"></Text>
					<Input width="80%" editable="false" enabled="false" value="{FormJson>/Category}" class="sapUiLargeMarginBegin CurvedinputCss sapUiSizeCompact"  maxLength="15"></Input>
				</VBox>
			</Toolbar>
			<Toolbar height="4rem" class="NoToolbarBorderCss sapUiSizeCompact">
				<VBox width="100%">
					<Text text="{i18n>Role :}" class="sapUiLargeMarginBegin sapUiSizeCompact LightTxtCss"></Text>
					<Input width="81%" enabled="false" value="{FormJson>/Role}" class="sapUiLargeMarginBegin CurvedinputCss sapUiSizeCompact"  maxLength="15"></Input>
				</VBox>
				<VBox width="100%">
					<Text text="{i18n>Employee ID - Mahindra :}" class="sapUiLargeMarginBegin sapUiSizeCompact LightTxtCss"></Text>
					<Input width="80%" editable="false" enabled="false" value="{FormJson>/EmployeeID}" class="sapUiLargeMarginBegin sapUiSizeCompact CurvedinputCss"  maxLength="15"></Input>
				</VBox>
				<VBox width="100%">
					<Text text="{i18n>Employee ID - Agency :}" class="sapUiLargeMarginBegin sapUiSizeCompact LightTxtCss"></Text>
					<Input width="80%" editable="false" enabled="false" value="{FormJson>/EmployeeAgency}" class="sapUiLargeMarginBegin sapUiSizeCompact CurvedinputCss"  maxLength="15"></Input>
				</VBox>
			</Toolbar>
			<Toolbar height="4rem" class="NoToolbarBorderCss">
						<VBox width="100%">
							<Text text="{i18n>Employee Name :}" class="sapUiSizeCompact sapUiLargeMarginBegin LightTxtCss"></Text>
							<Input width="80%" editable="false" enabled="false" value="{FormJson>/EmployeeName}" maxLength="20" class="sapUiSizeCompact sapUiLargeMarginBegin CurvedinputCss" ></Input>
						</VBox>					
				<VBox width="100%">
					<Text text="{i18n>Plant :}" class="sapUiSizeCompact sapUiLargeMarginBegin LightTxtCss"></Text>
					<Input width="80%" editable="false" enabled="false" value="{FormJson>/Plant}" maxLength="4" class="sapUiSizeCompact sapUiLargeMarginBegin CurvedinputCss" ></Input>
				</VBox>
				<VBox width="100%">
					<Text text="{i18n>Basic Amount :}" class="sapUiSizeCompact sapUiLargeMarginBegin LightTxtCss"></Text>
					<Input width="80%" editable="false" enabled="false" value="{FormJson>/BasicAmount}" maxLength="20" class="sapUiSizeCompact sapUiLargeMarginBegin CurvedinputCss" ></Input>
				</VBox>
			</Toolbar>
			<Toolbar height="3rem" class="NoToolbarBorderCss sapUiSizeCompact">
						<VBox width="100%">
							<Text text="{i18n>Agency Charges :}" class="sapUiSizeCompact sapUiLargeMarginBegin LightTxtCss"></Text>
							<Input width="80%" editable="false" enabled="false" value="{FormJson>/AgencyCharges}" maxLength="20" class="sapUiSizeCompact sapUiLargeMarginBegin CurvedinputCss" ></Input>
						</VBox>					
				<VBox width="100%">
					<Text text="{i18n>Total Amount :}" class="sapUiSizeCompact sapUiLargeMarginBegin LightTxtCss"></Text>
					<Input width="80%" editable="false" enabled="false" value="{FormJson>/TotalAmount}"  maxLength="20" class="sapUiSizeCompact sapUiLargeMarginBegin CurvedinputCss" ></Input>
				</VBox>
				<VBox width="100%">
					<Text text="{i18n>Cost Center :}" class="sapUiSizeCompact sapUiLargeMarginBegin LightTxtCss"></Text>
					<Input width="80%" editable="false" enabled="false" value="{FormJson>/CostCenter}" maxLength="10" class="sapUiSizeCompact sapUiLargeMarginBegin CurvedinputCss"></Input>
				</VBox>
			</Toolbar>
			<Toolbar height="4.5rem" class="NoToolbarBorderCss">
						<VBox width="100%">
							<Text text="{i18n>GST No :}" class="sapUiSizeCompact sapUiLargeMarginBegin LightTxtCss"></Text>
							<Input width="80%" editable="false" enabled="false" value="{FormJson>/GST}" maxLength="20" class="sapUiSizeCompact sapUiLargeMarginBegin CurvedinputCss" ></Input>
						</VBox>					
				<VBox width="100%">
					<Text text="{i18n>HSN Code :}" class="sapUiSizeCompact sapUiLargeMarginBegin LightTxtCss"></Text>
					<Input width="80%" editable="false" enabled="false" value="{FormJson>/HSN}" maxLength="20" class="sapUiSizeCompact sapUiLargeMarginBegin CurvedinputCss" ></Input>
				</VBox>
				<VBox width="100%">
					<Text text="{i18n>HR Approver name :}" class="sapUiSizeCompact sapUiLargeMarginBegin LightTxtCss"></Text>
					<Input width="80%" editable="false" enabled="false" value="{FormJson>/HRApprovername}" maxLength="20" class="sapUiSizeCompact sapUiLargeMarginBegin CurvedinputCss" ></Input>
				</VBox>
			</Toolbar>
			<Toolbar height="4rem" class="NoToolbarBorderCss">
				<VBox width="50%">
				 <Text text="{i18n>Start Date :}" class="sapUiSizeCompact sapUiLargeMarginBegin LightTxtCss"></Text>
					<DatePicker  value="{FormJson>/StartDate}" enabled="false" width="80%" valueFormat="dd-MM-yyyy" class="sapUiSizeCompact sapUiLargeMarginBegin" 
					editable="false" showFooter="true"/>
				</VBox>					
				<VBox width="100%">
					<Text text="{i18n>End Date :}" class="sapUiSizeCompact sapUiLargeMarginBegin LightTxtCss"></Text>
				<DatePicker editable="false" enabled="false" value="{FormJson>/EndDate}" valueFormat="dd-MM-yyyy" width="39.5%" class="sapUiSizeCompact sapUiLargeMarginBegin" showFooter="true"/>
				</VBox>	
			</Toolbar>
		</content>
<!--         <buttons>
			<Button text="Add" press="onAddNwItemRow" type="Accept"  visible="true"></Button>
			<Button text="OK" press="onOkItemDetail" type="Accept"></Button>
			<Button text="Cancel" press="OnCloseEdit" type="Reject" ></Button>
		</buttons> -->
    <beginButton>
      <Button type="Reject" text="{i18n>Cancel}" icon="sap-icon://decline" press="OnCloseMore" tooltip="{i18n>Cancel}" class="sapUiSizeCompact"/>
    </beginButton>
  </Dialog>	
</core:FragmentDefinition>