<core:FragmentDefinition xmlns="sap.m"
	xmlns:core="sap.ui.core" xmlns:f="sap.ui.layout.form">
  <Dialog title="Selection" contentWidth="20%" showHeader="false">
  <subHeader >
			<Toolbar height="2.5rem">
				<ToolbarSpacer></ToolbarSpacer>
				<Text text="{i18n>Personalize}" class="sapUiTinyMarginBegin"></Text>
				<ToolbarSpacer></ToolbarSpacer>
				<core:Icon src="sap-icon://decline" class="sapUiSmallMarginEnd" press="OnClose"></core:Icon>
			</Toolbar>
		</subHeader>
		<content>
		<VBox>
<!-- 		<CheckBox text="Agency Code" selected="true" id="id_Agency_Code"/>
		<CheckBox text="Agreement No" selected="true" id="id_Agreement_No"/>
		<CheckBox text="Category" selected="true" id="idCategory"/>
		<CheckBox text="Role" selected="true" id="idRole"/>
		<CheckBox text="Employe ID-Mahindra" selected="true" id="idEmploye"/>
		<CheckBox text="Employee ID-Agency" selected="true" id="id_Employee_Agency"/>
		<CheckBox text="Employee Name" selected="true" id="idEmployee_Name"/> -->
		<CheckBox text="Plant" selected="false" id="id_werks"/>
		<CheckBox text="Basic Amount" selected="false" id="id_baseamount"/>
		<CheckBox text="Agency Charges" selected="false" id="id_Agency_Charges"/>
		<CheckBox text="Total Amount(Without GST)" selected="false" id="id_TotalAmt"/>
		<CheckBox text="Cost Center" selected="false" id="id_CC"/>
		<CheckBox text="GST No" selected="false" id="id_GST_NO"/>
		<CheckBox text="HSN Code" selected="false" id="id_HSN_Code"/>
		<CheckBox text="HR Approver name" selected="false" id="id_HR_Approver_name"/>
		<CheckBox text="Start Date" selected="false" id="id_Start_Date"/>
		<CheckBox text="End Date" selected="false" id="id_End_Date"/>

	</VBox>
		</content>
		<Toolbar height="2rem" class="NoToolbarBorderCss">
			<ToolbarSpacer/>
			<Button type="Emphasized" text="{i18n>Submit}" press="PressSubmit" width="6rem" class=""/>
			<ToolbarSpacer/>
		</Toolbar>
  </Dialog>	
</core:FragmentDefinition>